Name,Email,Phone,Address
Antimony Agency,info@antimony.agency,0487875635,"4a/ 92 Clyde Street
St Kilda, Melbourne, Victoria, 3182 Australia"
Avaray Creative,darren@avaraycreative.com,+61402336662,"Level 1, 9-13 Bronte Road Bondi Junction
Sydney, NSW, 2022 Australia"
Wowwee Design,hello@wowweedesign.com,0447 111 111,"55 Miller Street
Sydney, NSW, 2009 Australia"
Mela Creative,admin@melacreative.com.au,02 9557 6699,"Suite 1, 85 Bourke Rd
ALEXANDRIA, NSW, 2015 Australia"
Digiful: Website Design Solutions,digifulagency@gmail.com,0466769196,"2505N 883 collins street
Docklands, Victoria, 3008 Australia"
"AboundStudio – Based in Perth, Australia – working everywhere.",hello@abound.studio,(08) 6454 0231,"Level 34/152 St Georges Terrace
 Perth, WA, 6000 Australia"
Coast,studio@wearecoast.com.au,02 6600 1764,"2/11 Murdock Street
Coffs Harbour, NSW, 2450 Australia"
Snapper Studio,hello@snapper.studio,0240398101,
Oakwill Brand & Design Agency,info@oakwillagency.com,0448 189 848,"4/9 Yarmouth Place,
Smeaton Grange, NSW, 2567 Australia"
Viabrand,getstarted@viabrand.com.au,07 3180 1416,"Level 1, Unit F4, 12 Browning Street, South Brisbane
Brisbane, Queensland, 4101 Australia"
Powahaus,hello@powahaus.com.au,(03) 8761 9155,"Building B, 61 Civic Dr
Greensborough, VIC, 3088 Australia"
Noble Agency,chloe@nobleagency.com.au,+61 447771947,
CRE8IVE,byron.little@cre8ive.com.au,+61261621888,"Level 10 40 Marcus Clarke Street
CANBERRA, ACT, 2601 Australia"
Red Kite Design,info@redkite.design,+61414979467,"7 Edinglassie St
Brisbane, Queensland, 4073 Australia"
The Cre8tive Co,inquiry@thecre8tiveco.com.au,0426580896,"Suite 10/53 Tompsons St Suites 
Wagga Wagga, NSW, 2650 Australia"
rev Branding,help@revbranding.com.au,+61 3 98637444,"St Kilda Rd Towers, 1 Queens Road
Melbourne, Victoria, 3004 Australia"
PIER Creative,hello@piercreative.com.au,03 5975 3742,"Suite 1, 3/2A Carbine Way
Mornington, Victoria, 3931 Australia"
Tout Creative,hello@toutcreative.com.au,+61 03 9088 2088,"3 Albert Coates Ln
Melbourne, VIC, 3000 Australia"
The Digital Brew,angela@thedigitalbrew.com,0457300565,
Coast Wide Web,info@coastwideweb.com.au,02 4384 3008,"Dalpura Rd, 4 Dalpura Road
Wamberal, New South Wales, 2260 Australia"
Noop,enquiries@noop.com.au,(08) 9317 1540,"56 Hulme Ct
Myaree, WA, 6154 Australia"
Whippet,hello@whippet.com.au,(03) 9005 3500,"231 Moray Street
South Melbourne, Victoria, 3205 Australia"
Ratio Agency,hello@ratio.agency,0434 997 505,"20–40 Meagher Street
Chippendale, NSW, 2008 Australia"
COG Design,welcome@cogdesign.com.au,95236007,"9 Kingsway, Cronulla
Sydney, NSW, 2230 Australia"
Haze Media IT,sales@hazemediait.com,0292133720,"59A Toxteth Lane rear of 59A Boyce Street
Glebe, NSW, 2037 Australia"
Design Organics,hello@designorganics.com.au,(08) 6244 2521,"450 Victoria Road
Malaga, WA, 6090 Australia"
Barefruit Marketing,hello@barefruit.com.au,1300328034,"1/144 River Street
Ballina, NSW, 2478 Australia"
The Creative Assistant,carlie@hellocreativeassistant.com,0401437815,"26 Milliner St
Nudgee, Queensland, 4014 Australia"
CAD deziners,info@caddeziners.com.au,+61 3 9113 9408,"62/135 Cardigan St, Carlton Vic 3053
Melbourne, Victoria, 3053 Australia"
UnicornGO Unlimited Graphic Design,hello@unicorngo.com,0432797854,"PO Box 8 
Riverwood, NSW, 2210 Australia"
Born By Subtraction,info@bornbysubtraction.com,0423121853,
Born & Raised,chrisl@born-raised.com.au,02 9431 3000,"360 Pacific Highway
Crows Nest, New South Wales, 2065 Australia"
Zara Design,admin@zaradesign.com.au,,
Yes Open,hello@yesopen.com,0472999559,"Level 10, 15 Green Square Close
Brisbane, Queensland, 4064 Australia"
XDesigns Advertising,xdesigns.seo@gmail.com,1300881204,"Castle hill, Norwest, Parramatta, Seven Hills & Ryde
Sydney, NSW, 2153 Australia"
Word of Mouth Agency,hello@wordofmouthagency.com.au,0432 065 205,"31 Moreau Mews Applecross
Perth, Western Australia, 6153 Australia"
Watermark Creative,phillip@watermarkcreative.co,+61 2 9380 6888,"Varga House Studio 16, 611-617 Elizabeth Street 
Redfern, NSW, 2016 Australia"
Toby Creative – Digital Marketing Agency Perth,info@tobycreative.com.au,08 9386 3444,"18 Stirling Highway
Nedlands, Western Australia, 6009 Australia"
Thrive Digital,contact@thriveweb.com.au,07 5535 0063,"71 W Burleigh Road, Burleigh Heads,
Gold Coast, QLD, 4220 AUSTRALIA"
The Edison Agency,Steve@edison.agency,03 9034 3070,"38 Boundary St, South Melbourne VIC 3006 
20-40 Meagher St, Chippendale, NSW, 2008 Australia"
Studio Brave,eloise@studiobrave.com.au,+61 3 9671 3966,"Level 7, 289 Flinders Lane
Melbourne, VIC, 3000 Australia"
Strategic Minds Communications,info@strategicminds.com.au,1300851583,"DASHWorks, 1/63 Ridley St
Charlestown, NSW, 2290 Australia"
Smack Bang Designs,hello@smackbangdesigns.com,0468 323 526,"Level 2, 22-24 Hutchinson Street
Surry Hills, NSW, 2010 Australia"
Pixel House,mail@pixel-house.com.au,,"98 Alexandra Parade
Alexandra Headland, QLD, 4572 Australia"
Pappenhacker Communications,contact@pappenhacker.co,,
Monty & Rose,,,
Milly + Co. Design,hello@millyandco.com,,
Midnight Collective,hello@midnight-collective.com,0406484481,"34 Johnston Street
Annandale, NSW, 2038 Australia"
Made,studio@madeagency.com,1300 877 503,"322 New South Head Rd 
Double Bay, NSW, 2028 Australia"
Kaliber Studio Graphic Design,kaliberstudiogoldcoast@gmail.com,07 5574 2878,"Level 4, 130 Bundall Road
Bundall, Queensland, 4217 Australia"
JSD Agency,joel@jsd.com.au,02 9331 4258,"Suite 14, 104 Bathurst Street
Sydney, NSW, 2000 Australia"
Jen Clark Design,info@jenclark.com.au,(03) 9088 0755,"P.O Box 4038
Gilberton, Victoria, 3072 Australia"
Being Agency,hello@thebeingagency.com,+61 2 9816 4068,"First Floor, Garibaldi Building B, 37 Alexandra Street
Hunters Hill, NSW, 2110 Australia"
Daily Press Creative Agency,wayne@dailypress.com.au,(02) 9007 7500,"64 Castlereagh St
Sydney, NSW, 2000 Australia"
Creative Krew,info@creativekrew.com.au,,
Brand Jams,,0400 087 991,"1/18 OLIVE STREET
Subiaco, WA, 6008 Australia"
Candid Media,mail@candidmedia.org,,"Melbourne
, Victoria, Australia"
Broadway Infotech,sales@broadwayinfotech.com.au,02 9191 9690,"Unit 5/ 25 Stoddart Road,Prospect NSW 2148
Prospect, New South Wales, 2148 Australia"
Brand Truth,glenn.myatt@brandtruth.com.au,0419 768867,
Brand And Co,dl_brandandco@resolveagency.com.au,02 8705 8870,"26-32 Pirrama Rd
Pyrmont, NSW, 2009 Australia"
Blend Design,blenddesignmelbourne@gmail.com,0419880950,"112-114 Roseneath Street, Clifton Hill
Melbourne, Victoria, 3068 Australia"
Website Centre,info@websitecentre.com.au,0422222188,
WEB DESIGN MELBOURNE AGENCY DIGITAL RESCUE,INFO@DIGITALRESCUE.COM.AU,1300912950,"Level 5, 171 Collins Street
Melbourne, Victoria, 3000 Australia"
Advert Ideas,stuart@advertideas.com,0414505393,"2 Calder Crescent
Mountain Creek, Queensland, 4557 Australia"
The Creative Method,us@thecreativemethod.com,+61 2 8231 9977,"10/50 Reservoir Street
Surry Hills, NSW, 2010 Australia"
SME Assistant,hello@smeassistant.com.au,07 3257 2336,"Exhibition St
Brisbane, QLD, 4006 Australia"
Arielle Executive,arielle@arielle.com.au,(02) 8067 8700,"Suite 55, Level 24, Three International Towers, 300 Barangaroo Ave,
Sydney, NSW, 2000 Australia"
Wasamedia,info@wasamedia.com,02 9360 7227,"79 Stanley St, Darlinghurst, NSW 2010
Darlinghurst, Darlinghurst, 2010 Australia"
Perfect Design,hello@perfect-design.com.au,03 9384 1190,"496 Lygon Street
Brunswick East, VIC, 3057 Australia"
Sasha deBretton Commercial,info@sashadebretton.com.au,08 6355 5165,"Mezzanine 86 High Street
Fremantle , WA, 6160 Australia"
JB Graphics,jo@jbgraphics.com.au,0400248247,"Derna Crescent
ALLAMBIE HEIGHTS, NSW, 2100 Australia"
ACA Design,sales@aca-design.com.au,+61 (2) 9558 0122,"26 Harriet St
Marrickville, NSW, 2204 Australia"
Zimpleweb,hello@zimpleweb.com,1800 ZIMPLE,"1/63 Ridley St
Charlestown, NSW, 2290 Australia"
WordPress Developer Sydney,ryan.wpcreative@yahoo.com,02 8278 7530,"Suite 18, 89 Jones Street
Ultimo, NSW, 2007 Australia"
WE ARE WOLF,howl@wearewolf.co,0426269536,"Leichhardt St
Sydney, New South Wales, 2024 Australia"
Storm Design Agency,design@fastprintservices.com.au,02 8203 1800,"Studio 3, 163-173 McEvoy Street.
Alexandria, NSW, 2015 Australia"
SouthSouthWest,accounts@nimbl.com.au,(03) 8669 1709,"3/105 Victoria Street
Fitzroy, Victoria, 3065 Australia"
Shorthand,hello@shorthandstudio.com,02 4040 5902,"7/20 Watt Street
Newcastle, NSW, 2300 Australia"
Pugh Morgan,nick.morgan@pughmorgan.com.au,0409942428,"107/1 Silver Street Collingwood 
Melbourne, Victoria, 3066 Australia"
Pixelo Design,aengus@pixelodesign.com,+61-0490707083,"23 Oakwal Terrace
Windsor, QLD, 4030 Australia"
Messy Design,info@messy.com.au,+61280409229,"Level 5, 17 Alberta Street
Sydney, NSW, 2000 Australia"
Matthew George Design Pty Ltd,,,
Graphix SA,info.graphixsa@gmail.com,,"Barossa Valley
Barossa, South Australia, 5351 Australia"
Five Creative,info@fivecreative.com.au,+61 3 9826 2174,"Level 1 / 592 Chapel Street
South Yarra, VIC, 3141 Australia"
Bluewell Website Services,office@bluewellwebsiteservices.com.au,1300 669 664,"Southport Central, Tower 3, Suite 30807/9 Lawson St
Southport, Queensland, 4215 Australia"
Easy Yoke Marketing,hello@easyyoke.com.au,03 8538 1771,"49 Cubitt Street
Cremorne, VIC, 3121 Australia"
Design Intoto,scottchalcraft@designintoto.com.au,9719-3088,"Unit 6, 5-7 Holt Street 
McMahons Point, NSW , 2060 Australia"
Brisbane Digital Agency,jobs@brisbne.com,0402467857,"252 Payne Road
The Gap, Queensland, 4061 Australia"
285 CREATIVE,sales@285creative.com.au,0417150261,"80/A Garsed St
Bendigo, VIC, 3550 Australia"
12below. Building Better Brands,jon@12below.com.au,+61 2 9571 7499,"Suit 405, The Cooperage, 56 Bowman Street, Pyrmont
Sydney, NSW, 2095 Australia"
Studio 72 Web Design,info@studio72.com.au,0433992080,"8/8 Avoca Ave
Elwood, VIC, 3184 Australia"
B Brand Design,alicia@b-branddesign.com.au,0398242419,"Level 1,Rear 392 Chapel st 
South Yarra, VIC, 3141 Australia"
Eastern Bloc Group Pty Ltd,hello@easternbloc.com.au,0409241920,
DIA Brands Australia,jaimie.ratten@diabrands.com.au,,"Level 2, 267 St Georges Terrace
Perth, Western Australia, 6000 Australia"
Percept Brand Design,info@percept.com.au,02 9544 3200,"Level 1
Cronulla, NSW, 2230 Australia"
Olive Web Solutions Pvt. Ltd,olivesolutions121@gmail.com,7965250065,"121 Sundram Arcade, Science City Road
Ahmedabad, Gujarat, 380060 India"
PSD Brand Design,info@psdbranddesign.com.au,(02) 4329 4209,"Suite 3, Level 2, 10 William Street
Gosford, NSW, 2250 Australia"
LogoInn,henryjoseph393@gmail.com,1300 796 707,"Sydney, New South Wales, Australia.
Sydney, New South Wales, 2126 Australia"
Brands to life,hello@brandstolife.com.au,+61 3 9696 3777,"47 Market Street
South Melbourne, Victoria, 3205 Australia"
So Design and Branding,hello@sodesign.com.au,0393807764,"104/370 St Kilda Road
Melbourne, VIC, 3004 Australia"
COG Branding,Welcome@COGbranding.com,(02) 9523 6007,"2/11 The Kingsway
Sydney, NSW, 2230 Australia"
Synapsis Creative,tom.howell@synapsiscreative.com,,
Equilibrium Design,bec@equilibriumdesign.com.au,(02) 9331 7683,"Suite 103/ 20 Bayswater Road
Potts Point, NSW, 2011 Australia"
Zeemo Pty Ltd,webmaster@zeemo.com.au,1300881594,"Ground Floor, Suite 2
Narre Warren, Victoria, 3805 Australia"
Creative Order,todd@creative-order.com.au,+61 (0)2 8005 1965,"Level 1 - 50 Yeo Street
Sydney & Melbourne, NSW, 2089 Australia"
Atlas Marketing,jaylleec@atlasmarketing.co,,
Codechants,,9909824658,"10/114,Ami Apartment, Nr. Telephone Exchange
Ahmedabad, Gujarat, India"
Small Business Web Designs,info@smallbusinesswebdesigns.net.au,1800 751 406,"PO BOX 11
Sydney, New South Wales, 2206 Australia"
Loop Brands,ed@loopbrands.com,+61 (2) 8277 4196,"International Tower 3, Level 25/300 Barangaroo Ave
Sydney, NSW, 2000 Australia"
Smart Workshop,inbox@smartworkshop.co,+61 3 9023 3430,
Brandcraft Strategy and Design,hello@brandcraft.com.au,02 9280 0487,"6 Lacey Street, Surry Hills
Sydney, NSW, 2063 Australia"
Stickygreenfrog Graphic Design,info@stickygreenfrog.com.au,0415 580797,"81 Neera Road
Umina Beach, NSW, 2257 Australia"
Shtudio,email@shtudio.com.au,,
The Spice Agency,dimity.mcdonald@thespiceagency.com,(02) 99554444,"404/107 Walker Street
Sydney, NSW, 2060 Australia"
Be you not them™,studio@beyounotthem.com,02 8005 0047,"Studio 8
Manly, NSW, 2095 Australia"
Office Fitout – Auscon Projects,partitionsceilings@gmail.com,0431 316 257,"PO BOX 456
Mount Evelyn, VIC, 3796 Australia"
So Branding,rachael@sobranding.com.au,03 9380 7764,"104/370 St Kilda Road
Melbourne, VIC, 3004 Australia"
Bubblefish,dsuteja@bubblefish.com.au,02 92116109,"Level 4, 55 Holt Street, 
Sydney, NSW, 2010 Australia"
Elixir Marketing & Design,eloise@elixircreative.com.au,61487673908,"201/2A Grosvenor Rd
NSW, NSW, 2070 Australia"
Angela Mogridge Web Design Services,angela@ruby6.com.au,(07) 3252 7866,"4/22 Wyandra St
Newstead, Qld , 4006 Australia"
Logogo Design,info@logogo.com.au,0421 471 576,
BWD,hello@bwdcreative.com.au,02 9488 3200,"Level 1
Sydney, NSW, 2000 Australia'"
uberbrand,info@uberbrand.com.au,02 9368 0000,"Level 3, Hub Hyde Park - 223 Liverpool St
Darlinghurst, NSW, 2010 Australia"
Blackbox Design,info@blackboxdesign.com.au,+618 9388 2840,"9/448 Roberts Road
Subiaco, Western Australia, 6151 Australia"
Watts Design,info@wattsdesgin.com.au,03 9696 4116,"66 Albert Road
South Melbourne, Victoria, 3205 Australia"
Brandor,design@brandor.com.au,0409 603 066,
Yik Yak Creative,miriam@yikyakcreative.com.au,0412 645 216,
Popdot Media,info@popdotmedia.com,1800 217 317,"Level 3, 100 Harris St, Pyrmont 
Sydney, NSW, 2009 Australia"
Fyooz Studio,info@fyoozstudio.com,61421721195,"8 Shelley Street
Richmond, Victoria, 3121 Australia"
360South,marc@360south.com.au,03 9699 5110,"11 Moray Street
Southbank, Victoria, 3006 Australia"
The Drawing Arm Illustration Agency,bronte@thedrawingarm.com.au,99395901,"24 Chard Rd
Sydney, NSW, 2100 Australia"
Slick Design,,08 9200 8000,
Local Peoples,hello@localpeoples.com,03 9081 2402,"150 Langridge Street
Collingwood, VIC, 3066"
Expandasign,expandasignau@gmail.com,1300 720 058,"2/92 Link Crescent
Coolum Beach, QLD, 4573 Australia"
Modscape,justin@modscape.com.au,61393147769,"430 Francis Street
Brooklyn, Victoria, 3012 Australia"
4040 Creative,hello@4040creative.com.au,1300568342,"Unit 5, 13-15 Ereton Drive
Arundel, Queensland , 4214 Australia"
Signs Brisbane Queensland,mmike0304@gmail.com,07 3205 7720,"1/211 Leichts Road
Brendale, Queensland, 4500 Australia"
Middle Men,info@middlemen.com.au,03 9994 5939,"6/617 Spencer St
Melbourne, Victoria, 3003 Australia"
Toko,info@toko.nu,0413 613 381,"Level 3 / Suite 304
Sydney, NSW, 2011 Australia"
The Ideas Hatchery,simon@theideashatchery.com.au,,
Big Creativa,m.carbone@bigcreativa.com.au,96094999,"6a/27 Justin Street 
 Smithfield, NSW, 2164 Australia"
Lab,,,
Delibrand,info@delibrand.com.au,02 9356 8219,"228 Crown Street
Darlinghurst, NSW, 2010 Australia"
Tsudio,info@tsudio.com.au,,
Bonsai Media,hello@bonsaimedia.com.au,03 8683 9137,"30 Argyle St.,
Melbourne, Victoria, 3065 Australia"
First Light,first@firstlight.com.au,+61 2 8005 6617,"Level 23 Tower One 520 Oxford Street 
Sydney, NSW, 2022 AUstralia"
Jam&Co Design,hello@jamandco.com.au,+61 2 809 77 807,"Level 3, Suite 3.06,
Ultimo, NSW, 2007 Australia"
Cowan,info@cowanmelbourne.com,+61 (0)3 8532 3333,"24A Victoria Street
Windsor, Victoria, 3181 Australia"
DAMFOX,damien@damienfoxton.com,0404 285 611,
Build,info@buildcustomsolutions.com,208-229-7046,"3100 N. Lake Harbor 
Boise, Idaho, 83706 USA"
Another Colour,enquiries@anothercolour.com.au,+61 2 8060 9644,"Studio 12, 13 Nichols Street
Surry Hills, NSW, 2010 Australia"
Shoebox Creative,dan@shoeboxcreative.com,02 8209 3579,"42 Wyndora Avenue
Freshwater, NSW, 2096 Australia"
Batish Technologies Pty Ltd,batishtechfb@gmail.com,+61 2 9006 7939,"Darling Park Tower 2
Sydney, New South Wales, 2000 Australia"
ShanDesign,info@shandesign.com.au,,"2A/1029 Manly Road
Brisbane, QLD, 4173 Australia"
Boxer & Co.,info@boxerandco.com.au,(02) 9519 9949,"409 Flourmill Studios, 3 Gladstone St
Newtown, NSW, 2042 Australia"
Fast Office Furniture Pty Ltd,FastOfficeFurnitureStore@gmail.com,1300 327 863,"clive@fastofficefurniture.com.au
Cleveland, Queensland, 4163 Australia"
Online Jewellery Australia,emma.vivirock@gmail.com,0755 729 584,"Port Melbourne
Melbourne, Victoria, 3207 Australia"
Toast Creative,info@toastcreative.com.au,02 8073 9700,"74-76 Campbell St, Surry Hills
Surry Hills, NSW, 2010 Australia"
ZSPACE,angela@zspace.com.au,+612 9212 6777,"100 Hackett St
SYDNEY, NSW, 2038 AUSTRALIA"
Eleven Eleven Design,contact@eleveneleven.com.au,+61 2 8412 1111,"Suite 110/377 Kent Street
Sydney, NSW, 2000 Australia"
MedalTally,annekez@medaltally.com,0410663402,"16 Tunbridge Street
Mascot, NSW, 2020 Australia"
willykarlbeecher.com,willykarlbeecher@gmail.com,+61390186626,"18 Russell Place 
Melbourne, Victoria, 3000 Australia"
Mindfield,jr@mindfield.com.au,08 9381 3311,"2/73 Troy Tce
Subiaco, WA, 6008 Australia"
Wink Brand Design,hi@winkbranddesign.com,+61 (3) 884 44806,"Level 1
Prahran, Victoria, 3181 Australia"
We Think Pty Ltd,hello@wethink.ws,02 9388 2581,"Level 1, 1 Moncur St
Sydney, NSW, 2025 Australia"
Picoswan Technologies,info@picoswan.com.au,0399135092,"2/140 Mckinnon Road
Melbourne, Victoria, 3204 Australia"
Freckle & Partners,enquiries@freckle.com.au,(02) 8353 8100,"Suite 13
Darlinghurst, NSW, 2010 Australia'"
Nüde Creative,hello@nudecreative.com.au,07 5514 8355,"Building 7 The Docks
Sanctuary Cove, Qld, 4212 Australia'"
The Wonderful Agency,hello@wearewonderful.com,1300 955 938,
Motto Group,operations@mottogroup.com.au,03 9419 3033,"Level 2, Unit 6
Fitzroy, Victoria, 3065 Australia"
Brand chemistry,hello@brandchemistry.com.au,02 9432 7818,"133 Alexander Street 
Crows Nest , NSW , 2065 Australia"
Human Statue bodyart,bodyartist@bigpond.com,0297138933,"12 Frazer Street
Lillyfield, New South Wales, 2040 Australia"
The Concept,ideas@theconcept.com.au,02 9310 5805,"Studio 2
Redfern, NSW, 2016 Australia"
Appetite Branding,hello@appetitebranding.com.au,02 8241 1222,"Grafton Bond Building Level 2, 201 Kent Street
Sydney, NSW, 2000 Australia"
Flame,studio@flame.com.au,02 9887 8500,"G1, 64 Talavera Rd
Macquarie Park, NSW, 2113 Australia"
Swear Words,words@swearwords.com.au,+61 3 9421 3572,"Level 1, 224 Swan St
Richmond, VIC, 3121 Australia'"
Magazines byDesign,linda@bydesigngraphics.com.au,02 8883 5890,"Suite 404 Zhen Bldg, Norwest Business Park
Bella Vista, NSW, 2153 Australia'"
Samurai Web Designs,studio@samuraiwebdesigns.com.au,,"68 Burbank Avenue
Sydney, NSW, 2213 Australia"
Inscope Media,hello@inscopemedia.com,02 8084 3036,"12 Waters Rd
Sydney, NSW, 2089 Australia"
Universal Favourite,start@universalfavourite.com.au,02 9357 4401,"Suite 20, 94 Oxford Street
Darlinghurst, New South Wales, 2010 Australia"
Bluekat Creative,info@bluekat.com.au,07 3843 5959,"The Promenade
Camp Hill, Queensland 4152 Australia
Brisbane, Queensland, 4171 Australia"
The Artel Group,naomi@theartelgroup.com.au,+61 2 9966 5252,"23 Clegg Street
Sydney, NSW, 2064 Australia"
SUPERVIXEN,inquiries@supervixen.net,0416 050 468,"Suite 3, Level 3 2 -12 Foveaux Street Surry Hills NSW 2010
Sydney, NSW, 2010 Australia"
Axetis Marketing,info@axetis.com.au,0437 944 786,"5 Preston St
Bentleigh East, VIC, 3165 Australia"
Visual Poets,sayhello@visualpoets.com.au,(02) 96982958,"Suite 9 Level 4
Surry Hills, NSW, 2010 Australia"
Lava Web Design,,+61 3 9882 7171,"Suite 503, Pacific Tower
Melbourne, VIC, 3122 Australia"
The DMCI,hello@thedmci.com.au,(02) 9439 4111,"level 4, 20 Clarke St Crows Nest
Sydney, NSW, 1585 Australia"
4xample,j@4xample.com.au,0 432 962 565,"P.O. Box 1113
Manly, NSW, 1655 Australia"
Presentation Studio,info@presentationstudio.com.au,1300 699 609,"38 Driver Ave
Moor Park, NSW, 2209 Australia"
The Squad,hello@thesquad.com.au,+ 61 9043 2549,"Suite 204
Crows Nest, NSW, 2065 Australia'"
Rubicon Retail,stephenr@rubiconretail.com.au,02 9011 5551,"75 Davidson Ave, Concord, 2137
Sydney, New South Wales, 2137 Australia'"
Doppio,melissa@doppiodesign.com,02 9212 0405,"Studio 2.12, 22-36 Mountain Street
Sydney, NSW, 2007 Australia'"
Hopping Mad Designs,steven@hoppingmad.com.au,02 9360 8514,"309, 19 A Boundary St
Sydney, NSW, 2011 Australia'"
Traffic,andrew@traffic.com.au,613 8320 5700,"134 Gwynne Street
Richmond, VIC and NSW, 3121 Australia'"
PDC CREATIVE,matthew@pdccreative.com,+61 2 9922 4411,"125 Blues Point Road
Sydney, NSW, 2060 Australia'"
Bug Communication,david@thebughouse.com.au,02 9565 2500,"studio5, 43 -53 Bridge Road
Stanmore, NSW, 2048 Australia'"
Vantage Point Graphics,info@vpgraphics.com.au,04 3794 4786,"5 Preston St
Bentleigh East, VIC, 3165 Australia'"
Tomorrow Design,today@designtomorrow.com.au,0424 819 352,"22 Thomson Street
Dalinghurst, NSW, 2010 Australia'"
The Concept,info@theconcept.com.au,02 80861930,"19/111 McEvoy St
, , 2015 '"
Studio Frank,matt@studiofrank.com.au,02 9698 2958,"Suite 9 Level 4
Surry Hills, NSW, 2010 Australia'"
KLINIK Design,clint@klinikdesign.com.au,02 9922 6000,"Australian Technology Park
SYDNEY, NSW, 2015 AUSTRALIA'"
Modernist Design,stevie@modernist-design.com,133257,"2/4 Austin street
Melbourne, vic, 3127 Australia'"
Mainspring Australia,mail@mainspring.com.au,02 9279 2825,"Level 2, 338 Kent Street
Sydney, NSW, 2000 Australia'"
Future Agency,info@futureagency.com.au,02 8060 6797,"11-13 Burnell Place
East Sydney, NSW, 2010 Australia'"
Business & office solutions centre,divas@bosc.com.au,+61 403 534 521,"studio - 41 tradewinds avenue
Summerland Point, NSW, 2259 Australia'"
Bang Australia,nick@bang.net.au,02 9283 7400,"Level 1, 13-15 Wentwroth Ave
Sydney, NSW, 2000 Australia'"
lucas,info@lucas-partners.com,,"79 Henry Street
Windsor, VIC, 3181 Australia'"
Diffusion,stephenbyrne@diffusion.com.au,,
Carnival Studio,hello@carnivalstudio.com.au,61 2 9431 3200,"Suite 5, 22 Fred Street
Lilyfield, NSW, 2040 Australia'"
Brand Matters Pty Ltd,info@brandmatters.com.au,612 99547900,
Idaho Design & Communication,info@idahodesign.com,+613 939 2916,"105 Pelham Street
Melbourne, Victoria, 3124 Australia'"
12below. Building Better Brands,jon@12below.com.au,+61 2 9571 7499,"Suit 405, The Cooperage, 56 Bowman Street, Pyrmont
Sydney, NSW, 2095 Australia"
285 CREATIVE,sales@285creative.com.au,0417150261,"80/A Garsed St
Bendigo, VIC, 3550 Australia"
360South,marc@360south.com.au,03 9699 5110,"11 Moray Street
Southbank, Victoria, 3006 Australia"
4040 Creative,hello@4040creative.com.au,1300568342,"Unit 5, 13-15 Ereton Drive
Arundel, Queensland , 4214 Australia"
4xample,j@4xample.com.au,0 432 962 565,"P.O. Box 1113
Manly, NSW, 1655 Australia"
"AboundStudio – Based in Perth, Australia – working everywhere.",hello@abound.studio,(08) 6454 0231,"Level 34/152 St Georges Terrace
 Perth, WA, 6000 Australia"
ACA Design,sales@aca-design.com.au,+61 (2) 9558 0122,"26 Harriet St
Marrickville, NSW, 2204 Australia"
Advert Ideas,stuart@advertideas.com,0414505393,"2 Calder Crescent
Mountain Creek, Queensland, 4557 Australia"
Angela Mogridge Web Design Services,angela@ruby6.com.au,(07) 3252 7866,"4/22 Wyandra St
Newstead, Qld , 4006 Australia"
Another Colour,enquiries@anothercolour.com.au,+61 2 8060 9644,"Studio 12, 13 Nichols Street
Surry Hills, NSW, 2010 Australia"
Antimony Agency,info@antimony.agency,0487875635,"4a/ 92 Clyde Street
St Kilda, Melbourne, Victoria, 3182 Australia"
Appetite Branding,hello@appetitebranding.com.au,02 8241 1222,"Grafton Bond Building Level 2, 201 Kent Street
Sydney, NSW, 2000 Australia"
Arielle Executive,arielle@arielle.com.au,(02) 8067 8700,"Suite 55, Level 24, Three International Towers, 300 Barangaroo Ave,
Sydney, NSW, 2000 Australia"
Atlas Marketing,jaylleec@atlasmarketing.co,,
Avaray Creative,darren@avaraycreative.com,+61402336662,"Level 1, 9-13 Bronte Road Bondi Junction
Sydney, NSW, 2022 Australia"
Axetis Marketing,info@axetis.com.au,0437 944 786,"5 Preston St
Bentleigh East, VIC, 3165 Australia"
B Brand Design,alicia@b-branddesign.com.au,0398242419,"Level 1,Rear 392 Chapel st 
South Yarra, VIC, 3141 Australia"
Bang Australia,nick@bang.net.au,02 9283 7400,"Level 1, 13-15 Wentwroth Ave
Sydney, NSW, 2000 Australia'"
Barefruit Marketing,hello@barefruit.com.au,1300328034,"1/144 River Street
Ballina, NSW, 2478 Australia"
Batish Technologies Pty Ltd,batishtechfb@gmail.com,+61 2 9006 7939,"Darling Park Tower 2
Sydney, New South Wales, 2000 Australia"
Be you not them™,studio@beyounotthem.com,02 8005 0047,"Studio 8
Manly, NSW, 2095 Australia"
Being Agency,hello@thebeingagency.com,+61 2 9816 4068,"First Floor, Garibaldi Building B, 37 Alexandra Street
Hunters Hill, NSW, 2110 Australia"
Big Creativa,m.carbone@bigcreativa.com.au,96094999,"6a/27 Justin Street 
Smithfield, NSW, 2164 Australia"
Blackbox Design,info@blackboxdesign.com.au,+618 9388 2840,"9/448 Roberts Road
Subiaco, Western Australia, 6151 Australia"
Blend Design,blenddesignmelbourne@gmail.com,0419880950,"112-114 Roseneath Street, Clifton Hill
Melbourne, Victoria, 3068 Australia"
Bluekat Creative,info@bluekat.com.au,07 3843 5959,"The Promenade
Camp Hill, Queensland 4152 Australia
Brisbane, Queensland, 4171 Australia"
Bluewell Website Services,office@bluewellwebsiteservices.com.au,1300 669 664,"Southport Central, Tower 3, Suite 30807/9 Lawson St
Southport, Queensland, 4215 Australia"
Bonsai Media,hello@bonsaimedia.com.au,03 8683 9137,"30 Argyle St.,
Melbourne, Victoria, 3065 Australia"
Born & Raised,chrisl@born-raised.com.au,02 9431 3000,"360 Pacific Highway
Crows Nest, New South Wales, 2065 Australia"
Born By Subtraction,info@bornbysubtraction.com,0423121853,
Boxer & Co.,info@boxerandco.com.au,(02) 9519 9949,"409 Flourmill Studios, 3 Gladstone St
Newtown, NSW, 2042 Australia"
Brand And Co,dl_brandandco@resolveagency.com.au,02 8705 8870,"26-32 Pirrama Rd
Pyrmont, NSW, 2009 Australia"
Brand chemistry,hello@brandchemistry.com.au,02 9432 7818,"133 Alexander Street 
Crows Nest , NSW , 2065 Australia"
Brand Jams,,0400 087 991,"1/18 OLIVE STREET
Subiaco, WA, 6008 Australia"
Brand Matters Pty Ltd,info@brandmatters.com.au,612 99547900,
Brand Truth,glenn.myatt@brandtruth.com.au,0419 768867,
Brandcraft Strategy and Design,hello@brandcraft.com.au,02 9280 0487,"6 Lacey Street, Surry Hills
Sydney, NSW, 2063 Australia"
Brandor,design@brandor.com.au,0409 603 066,
Brands to life,hello@brandstolife.com.au,+61 3 9696 3777,"47 Market Street
South Melbourne, Victoria, 3205 Australia"
Brisbane Digital Agency,jobs@brisbne.com,0402467857,"252 Payne Road
The Gap, Queensland, 4061 Australia"
Broadway Infotech,sales@broadwayinfotech.com.au,02 9191 9690,"Unit 5/ 25 Stoddart Road,Prospect NSW 2148
Prospect, New South Wales, 2148 Australia"
Bubblefish,dsuteja@bubblefish.com.au,02 92116109,"Level 4, 55 Holt Street, 
Sydney, NSW, 2010 Australia"
Bug Communication,david@thebughouse.com.au,02 9565 2500,"studio5, 43 -53 Bridge Road
Stanmore, NSW, 2048 Australia'"
Build,info@buildcustomsolutions.com,208-229-7046,"3100 N. Lake Harbor 
Boise, Idaho, 83706 USA"
Business & office solutions centre,divas@bosc.com.au,+61 403 534 521,"studio - 41 tradewinds avenue
Summerland Point, NSW, 2259 Australia'"
BWD,hello@bwdcreative.com.au,02 9488 3200,"Level 1
Sydney, NSW, 2000 Australia'"
CAD deziners,info@caddeziners.com.au,+61 3 9113 9408,"62/135 Cardigan St, Carlton Vic 3053
Melbourne, Victoria, 3053 Australia"
Candid Media,mail@candidmedia.org,,"Melbourne
, Victoria, Australia"
Carnival Studio,hello@carnivalstudio.com.au,61 2 9431 3200,"Suite 5, 22 Fred Street
Lilyfield, NSW, 2040 Australia'"
Coast,studio@wearecoast.com.au,02 6600 1764,"2/11 Murdock Street
Coffs Harbour, NSW, 2450 Australia"
